{"scoring":null,"notes":"","legend":"Welcome!\r\n\r\nThis contest will require you to not be confused at least about certain basic things. One of these things is simple arithmetic.","authorLogin":"dj3500","language":"english","timeLimit":1000,"output":"Your program should print one number: the sum $x+y$ of the two numbers in the input.","inputFile":"stdin","outputFile":"stdout","input":"The only line of the input contains two space-separated integers $x$ and $y$ ($-10^9 \\le x, y \\le 10^9$).","authorName":"Jakub Tarnawski","sampleTests":[{"output":"5","input":"2 3\r\n"},{"output":"0","input":"-1000000000 1000000000\r\n"}],"name":"Addition (dry run, easy)","interaction":null,"memoryLimit":268435456,"tutorial":""}