<?xml version="1.0" encoding="utf-8" standalone="no"?>
<problem revision="21" short-name="hc2-2016-dryrun-hard" url="https://polygon.codeforces.com/p/dj3500/hc2-2016-dryrun-hard">
    <names>
        <name language="english" value="Addition (dry run, hard)"/>
    </names>
    <statements>
        <statement charset="UTF-8" language="english" path="statements/english/problem.tex" type="application/x-tex"/>
        <statement language="english" path="statements/.pdf/english/problem.pdf" type="application/pdf"/>
        <statement charset="UTF-8" language="english" path="statements/.html/english/problem.html" type="text/html"/>
    </statements>
    <judging cpu-name="Intel(R) Core(TM) i5-3470 CPU @ 3.20GHz" cpu-speed="3600" input-file="" output-file="">
        <testset name="tests">
            <time-limit>1000</time-limit>
            <memory-limit>268435456</memory-limit>
            <test-count>91</test-count>
            <input-path-pattern>tests/%02d</input-path-pattern>
            <answer-path-pattern>tests/%02d.a</answer-path-pattern>
            <tests>
                <test method="manual" sample="true"/>
                <test method="manual"/>
                <test method="manual"/>
                <test cmd="gen_dj3500_rand 3 1" method="generated"/>
                <test cmd="gen_dj3500_max 3 1" method="generated"/>
                <test cmd="gen_dj3500_rand 3 10" method="generated"/>
                <test cmd="gen_dj3500_max 3 10" method="generated"/>
                <test cmd="gen_dj3500_rand 3 100" method="generated"/>
                <test cmd="gen_dj3500_max 3 100" method="generated"/>
                <test cmd="gen_dj3500_rand 3 1000" method="generated"/>
                <test cmd="gen_dj3500_max 3 1000" method="generated"/>
                <test cmd="gen_dj3500_rand 3 10000" method="generated"/>
                <test cmd="gen_dj3500_max 3 10000" method="generated"/>
                <test cmd="gen_dj3500_rand 3 100000" method="generated"/>
                <test cmd="gen_dj3500_max 3 100000" method="generated"/>
                <test cmd="gen_dj3500_rand 3 1000000" method="generated"/>
                <test cmd="gen_dj3500_max 3 1000000" method="generated"/>
                <test cmd="gen_dj3500_rand 30 1" method="generated"/>
                <test cmd="gen_dj3500_max 30 1" method="generated"/>
                <test cmd="gen_dj3500_rand 30 10" method="generated"/>
                <test cmd="gen_dj3500_max 30 10" method="generated"/>
                <test cmd="gen_dj3500_rand 30 100" method="generated"/>
                <test cmd="gen_dj3500_max 30 100" method="generated"/>
                <test cmd="gen_dj3500_rand 30 1000" method="generated"/>
                <test cmd="gen_dj3500_max 30 1000" method="generated"/>
                <test cmd="gen_dj3500_rand 30 10000" method="generated"/>
                <test cmd="gen_dj3500_max 30 10000" method="generated"/>
                <test cmd="gen_dj3500_rand 30 100000" method="generated"/>
                <test cmd="gen_dj3500_max 30 100000" method="generated"/>
                <test cmd="gen_dj3500_rand 30 1000000" method="generated"/>
                <test cmd="gen_dj3500_max 30 1000000" method="generated"/>
                <test cmd="gen_dj3500_rand 300 1" method="generated"/>
                <test cmd="gen_dj3500_max 300 1" method="generated"/>
                <test cmd="gen_dj3500_rand 300 10" method="generated"/>
                <test cmd="gen_dj3500_max 300 10" method="generated"/>
                <test cmd="gen_dj3500_rand 300 100" method="generated"/>
                <test cmd="gen_dj3500_max 300 100" method="generated"/>
                <test cmd="gen_dj3500_rand 300 1000" method="generated"/>
                <test cmd="gen_dj3500_max 300 1000" method="generated"/>
                <test cmd="gen_dj3500_rand 300 10000" method="generated"/>
                <test cmd="gen_dj3500_max 300 10000" method="generated"/>
                <test cmd="gen_dj3500_rand 300 100000" method="generated"/>
                <test cmd="gen_dj3500_max 300 100000" method="generated"/>
                <test cmd="gen_dj3500_rand 300 1000000" method="generated"/>
                <test cmd="gen_dj3500_max 300 1000000" method="generated"/>
                <test cmd="gen_dj3500_rand 3000 1" method="generated"/>
                <test cmd="gen_dj3500_max 3000 1" method="generated"/>
                <test cmd="gen_dj3500_rand 3000 10" method="generated"/>
                <test cmd="gen_dj3500_max 3000 10" method="generated"/>
                <test cmd="gen_dj3500_rand 3000 100" method="generated"/>
                <test cmd="gen_dj3500_max 3000 100" method="generated"/>
                <test cmd="gen_dj3500_rand 3000 1000" method="generated"/>
                <test cmd="gen_dj3500_max 3000 1000" method="generated"/>
                <test cmd="gen_dj3500_rand 3000 10000" method="generated"/>
                <test cmd="gen_dj3500_max 3000 10000" method="generated"/>
                <test cmd="gen_dj3500_rand 3000 100000" method="generated"/>
                <test cmd="gen_dj3500_max 3000 100000" method="generated"/>
                <test cmd="gen_dj3500_rand 3000 1000000" method="generated"/>
                <test cmd="gen_dj3500_max 3000 1000000" method="generated"/>
                <test cmd="gen_dj3500_rand 30000 1" method="generated"/>
                <test cmd="gen_dj3500_max 30000 1" method="generated"/>
                <test cmd="gen_dj3500_rand 30000 10" method="generated"/>
                <test cmd="gen_dj3500_max 30000 10" method="generated"/>
                <test cmd="gen_dj3500_rand 30000 100" method="generated"/>
                <test cmd="gen_dj3500_max 30000 100" method="generated"/>
                <test cmd="gen_dj3500_rand 30000 1000" method="generated"/>
                <test cmd="gen_dj3500_max 30000 1000" method="generated"/>
                <test cmd="gen_dj3500_rand 30000 10000" method="generated"/>
                <test cmd="gen_dj3500_max 30000 10000" method="generated"/>
                <test cmd="gen_dj3500_rand 30000 100000" method="generated"/>
                <test cmd="gen_dj3500_max 30000 100000" method="generated"/>
                <test cmd="gen_dj3500_rand 30000 1000000" method="generated"/>
                <test cmd="gen_dj3500_max 30000 1000000" method="generated"/>
                <test cmd="gen_dj3500_rand 300000 1" method="generated"/>
                <test cmd="gen_dj3500_max 300000 1" method="generated"/>
                <test cmd="gen_dj3500_rand 300000 10" method="generated"/>
                <test cmd="gen_dj3500_max 300000 10" method="generated"/>
                <test cmd="gen_dj3500_rand 300000 100" method="generated"/>
                <test cmd="gen_dj3500_max 300000 100" method="generated"/>
                <test cmd="gen_dj3500_rand 300000 1000" method="generated"/>
                <test cmd="gen_dj3500_max 300000 1000" method="generated"/>
                <test cmd="gen_dj3500_rand 300000 10000" method="generated"/>
                <test cmd="gen_dj3500_max 300000 10000" method="generated"/>
                <test cmd="gen_dj3500_rand 300000 100000" method="generated"/>
                <test cmd="gen_dj3500_max 300000 100000" method="generated"/>
                <test cmd="gen_dj3500_rand 300000 1000000" method="generated"/>
                <test cmd="gen_dj3500_max 300000 1000000" method="generated"/>
                <test cmd="gen_dj3500_rand 299999 999998" method="generated"/>
                <test cmd="gen_dj3500_rand 299999 999999" method="generated"/>
                <test cmd="gen_dj3500_rand 300000 999998" method="generated"/>
                <test cmd="gen_dj3500_rand 300000 999999" method="generated"/>
            </tests>
        </testset>
    </judging>
    <files>
        <resources>
            <file path="files/olymp.sty"/>
            <file path="files/problem.tex"/>
            <file path="files/statements.ftl"/>
            <file path="files/testlib.h" type="h.g++"/>
        </resources>
        <executables>
            <executable>
                <source path="files/gen_dj3500_max.cpp" type="cpp.g++"/>
                <binary path="files/gen_dj3500_max.exe" type="exe.win32"/>
            </executable>
            <executable>
                <source path="files/gen_dj3500_rand.cpp" type="cpp.g++"/>
                <binary path="files/gen_dj3500_rand.exe" type="exe.win32"/>
            </executable>
            <executable>
                <source path="files/validator_dj3500.cpp" type="cpp.g++"/>
                <binary path="files/validator_dj3500.exe" type="exe.win32"/>
            </executable>
        </executables>
    </files>
    <assets>
        <checker name="std::ncmp.cpp" type="testlib">
            <source path="files/check.cpp" type="cpp.g++"/>
            <binary path="check.exe" type="exe.win32"/>
            <copy path="check.cpp"/>
            <testset>
                <test-count>0</test-count>
                <input-path-pattern>files/tests/checker-tests/%02d</input-path-pattern>
                <output-path-pattern>files/tests/checker-tests/%02d.o</output-path-pattern>
                <answer-path-pattern>files/tests/checker-tests/%02d.a</answer-path-pattern>
                <tests/>
            </testset>
        </checker>
        <validators>
            <validator>
                <source path="files/validator_dj3500.cpp" type="cpp.g++"/>
                <binary path="files/validator_dj3500.exe" type="exe.win32"/>
                <testset>
                    <test-count>0</test-count>
                    <input-path-pattern>files/tests/validator-tests/%02d</input-path-pattern>
                    <tests/>
                </testset>
            </validator>
        </validators>
        <solutions>
            <solution tag="accepted">
                <source path="solutions/factory_damian.cpp" type="cpp.g++"/>
                <binary path="solutions/factory_damian.exe" type="exe.win32"/>
            </solution>
            <solution tag="wrong-answer">
                <source path="solutions/factory_dj3500_always_sell_at_least_one_drill.cpp" type="cpp.g++"/>
                <binary path="solutions/factory_dj3500_always_sell_at_least_one_drill.exe" type="exe.win32"/>
            </solution>
            <solution tag="wrong-answer">
                <source path="solutions/factory_dj3500_forgot_to_sort.cpp" type="cpp.g++"/>
                <binary path="solutions/factory_dj3500_forgot_to_sort.exe" type="exe.win32"/>
            </solution>
            <solution tag="main">
                <source path="solutions/factory_dj3500_model.cpp" type="cpp.g++"/>
                <binary path="solutions/factory_dj3500_model.exe" type="exe.win32"/>
            </solution>
            <solution tag="time-limit-exceeded">
                <source path="solutions/factory_dj3500_naively_try_every_known_price.cpp" type="cpp.g++11"/>
                <binary path="solutions/factory_dj3500_naively_try_every_known_price.exe" type="exe.win32"/>
            </solution>
            <solution tag="wrong-answer">
                <source path="solutions/factory_dj3500_without_longlongs.cpp" type="cpp.g++"/>
                <binary path="solutions/factory_dj3500_without_longlongs.exe" type="exe.win32"/>
            </solution>
            <solution tag="accepted">
                <source path="solutions/hard.py" type="python.2"/>
                <binary path="solutions/hard.pys2" type="pythonx.2"/>
            </solution>
            <solution tag="wrong-answer">
                <source path="solutions/hard_wa_fail_on_unsorted_list.py" type="python.2"/>
                <binary path="solutions/hard_wa_fail_on_unsorted_list.pys2" type="pythonx.2"/>
            </solution>
        </solutions>
    </assets>
    <properties>
        <property name="tests-wellformed" value="true"/>
    </properties>
    <stresses>
        <stress-count>0</stress-count>
        <stress-path-pattern>stresses/%03d</stress-path-pattern>
        <list/>
    </stresses>
    <tags>
        <tag value="ad-hoc"/>
    </tags>
</problem>
