<?xml version="1.0" encoding="utf-8" standalone="no"?>
<problem revision="4" short-name="hc2-2016-dryrun-easy" url="https://polygon.codeforces.com/p/dj3500/hc2-2016-dryrun-easy">
    <names>
        <name language="english" value="Addition (dry run, easy)"/>
    </names>
    <statements>
        <statement charset="UTF-8" language="english" path="statements/english/problem.tex" type="application/x-tex"/>
        <statement language="english" path="statements/.pdf/english/problem.pdf" type="application/pdf"/>
        <statement charset="UTF-8" language="english" path="statements/.html/english/problem.html" type="text/html"/>
    </statements>
    <judging cpu-name="Intel(R) Core(TM) i5-3470 CPU @ 3.20GHz" cpu-speed="3600" input-file="" output-file="">
        <testset name="tests">
            <time-limit>1000</time-limit>
            <memory-limit>268435456</memory-limit>
            <test-count>13</test-count>
            <input-path-pattern>tests/%02d</input-path-pattern>
            <answer-path-pattern>tests/%02d.a</answer-path-pattern>
            <tests>
                <test method="manual" sample="true"/>
                <test method="manual" sample="true"/>
                <test method="manual"/>
                <test method="manual"/>
                <test method="manual"/>
                <test method="manual"/>
                <test method="manual"/>
                <test method="manual"/>
                <test method="manual"/>
                <test method="manual"/>
                <test method="manual"/>
                <test method="manual"/>
                <test method="manual"/>
            </tests>
        </testset>
    </judging>
    <files>
        <resources>
            <file path="files/olymp.sty"/>
            <file path="files/problem.tex"/>
            <file path="files/statements.ftl"/>
            <file path="files/testlib.h" type="h.g++"/>
        </resources>
        <executables>
            <executable>
                <source path="files/dj3500_validator_easy.cpp" type="cpp.g++"/>
                <binary path="files/dj3500_validator_easy.exe" type="exe.win32"/>
            </executable>
        </executables>
    </files>
    <assets>
        <checker name="std::ncmp.cpp" type="testlib">
            <source path="files/check.cpp" type="cpp.g++"/>
            <binary path="check.exe" type="exe.win32"/>
            <copy path="check.cpp"/>
            <testset>
                <test-count>0</test-count>
                <input-path-pattern>files/tests/checker-tests/%02d</input-path-pattern>
                <output-path-pattern>files/tests/checker-tests/%02d.o</output-path-pattern>
                <answer-path-pattern>files/tests/checker-tests/%02d.a</answer-path-pattern>
                <tests/>
            </testset>
        </checker>
        <validators>
            <validator>
                <source path="files/dj3500_validator_easy.cpp" type="cpp.g++"/>
                <binary path="files/dj3500_validator_easy.exe" type="exe.win32"/>
                <testset>
                    <test-count>0</test-count>
                    <input-path-pattern>files/tests/validator-tests/%02d</input-path-pattern>
                    <tests/>
                </testset>
            </validator>
        </validators>
        <solutions>
            <solution tag="main">
                <source path="solutions/sum_correct.cpp" type="cpp.g++"/>
                <binary path="solutions/sum_correct.exe" type="exe.win32"/>
            </solution>
        </solutions>
    </assets>
    <properties>
        <property name="tests-wellformed" value="true"/>
    </properties>
    <stresses>
        <stress-count>0</stress-count>
        <stress-path-pattern>stresses/%03d</stress-path-pattern>
        <list/>
    </stresses>
    <documents>
        <document path="documents/tutorial.txt" type="text/plain"/>
    </documents>
    <tags>
        <tag value="a+b"/>
        <tag value="dryrun"/>
    </tags>
</problem>
