{"scoring":null,"notes":"","legend":"As mentioned before, much confusion may ensue at the contest. Therefore, your operations need to scale!\r\n\r\nWrite a program that reads $n$ \\emph{large} numbers, sums them all, and prints their sum modulo another number $m$.","authorLogin":"dj3500","language":"english","timeLimit":3000,"output":"Output one integer: $(A_1 + A_2 + \\ldots + A_n) \\mod m$ (where mod denotes the remainder from division).","inputFile":"stdin","outputFile":"stdout","input":"The first line of input contains two integers: $n$, the number of integers, and $m$ ($1 \\le n \\le 5 \\cdot 10^5, 1 \\le m \\le 10^{18}$). The next $n$ lines contain one integer $A_i$ each ($0 \\le A_i < m$).","authorName":"Jakub Tarnawski","sampleTests":[{"output":"11","input":"3 15\r\n3\r\n14\r\n9\r\n"},{"output":"8000000000000","input":"2 10000000000000\r\n9000000000000\r\n9000000000000\r\n"}],"name":"Addition (dry run, medium)","interaction":null,"memoryLimit":268435456,"tutorial":""}