<?xml version="1.0" encoding="utf-8" standalone="no"?>
<problem revision="22" short-name="hc2-2016-dryrun-medium" url="https://polygon.codeforces.com/p/dj3500/hc2-2016-dryrun-medium">
    <names>
        <name language="english" value="Addition (dry run, medium)"/>
    </names>
    <statements>
        <statement charset="UTF-8" language="english" path="statements/english/problem.tex" type="application/x-tex"/>
        <statement language="english" path="statements/.pdf/english/problem.pdf" type="application/pdf"/>
        <statement charset="UTF-8" language="english" path="statements/.html/english/problem.html" type="text/html"/>
    </statements>
    <judging cpu-name="Intel(R) Core(TM) i5-3470 CPU @ 3.20GHz" cpu-speed="3600" input-file="" output-file="">
        <testset name="tests">
            <time-limit>3000</time-limit>
            <memory-limit>268435456</memory-limit>
            <test-count>8</test-count>
            <input-path-pattern>tests/%02d</input-path-pattern>
            <answer-path-pattern>tests/%02d.a</answer-path-pattern>
            <tests>
                <test cmd="gen_dj3500 3 15" method="generated" sample="true"/>
                <test method="manual" sample="true"/>
                <test cmd="gen_dj3500 10000 1000" method="generated"/>
                <test cmd="gen_dj3500 10 1000000000000000000" method="generated"/>
                <test cmd="gen_dj3500 50000 1000000" method="generated"/>
                <test cmd="gen_dj3500 200000 1000000" method="generated"/>
                <test cmd="gen_dj3500 200000 1000000000000000000" method="generated"/>
                <test cmd="gen_dj3500 500000 1000000000000000000" method="generated"/>
            </tests>
        </testset>
    </judging>
    <files>
        <resources>
            <file path="files/olymp.sty"/>
            <file path="files/problem.tex"/>
            <file path="files/statements.ftl"/>
            <file path="files/testlib.h" type="h.g++"/>
        </resources>
        <executables>
            <executable>
                <source path="files/gen_dj3500.cpp" type="cpp.g++"/>
                <binary path="files/gen_dj3500.exe" type="exe.win32"/>
            </executable>
            <executable>
                <source path="files/validator_dj3500.cpp" type="cpp.g++"/>
                <binary path="files/validator_dj3500.exe" type="exe.win32"/>
            </executable>
        </executables>
    </files>
    <assets>
        <checker name="std::ncmp.cpp" type="testlib">
            <source path="files/check.cpp" type="cpp.g++"/>
            <binary path="check.exe" type="exe.win32"/>
            <copy path="check.cpp"/>
            <testset>
                <test-count>0</test-count>
                <input-path-pattern>files/tests/checker-tests/%02d</input-path-pattern>
                <output-path-pattern>files/tests/checker-tests/%02d.o</output-path-pattern>
                <answer-path-pattern>files/tests/checker-tests/%02d.a</answer-path-pattern>
                <tests/>
            </testset>
        </checker>
        <validators>
            <validator>
                <source path="files/validator_dj3500.cpp" type="cpp.g++"/>
                <binary path="files/validator_dj3500.exe" type="exe.win32"/>
                <testset>
                    <test-count>0</test-count>
                    <input-path-pattern>files/tests/validator-tests/%02d</input-path-pattern>
                    <tests/>
                </testset>
            </validator>
        </validators>
        <solutions>
            <solution tag="wrong-answer">
                <source path="solutions/dj3500_scanf_no_longlongs.cpp" type="cpp.g++"/>
                <binary path="solutions/dj3500_scanf_no_longlongs.exe" type="exe.win32"/>
            </solution>
            <solution tag="accepted">
                <source path="solutions/java_bufferedreader_dj3500.java" type="java7"/>
                <binary path="solutions/java_bufferedreader_dj3500.jar" type="jar"/>
            </solution>
            <solution tag="accepted">
                <source path="solutions/java_scanner_dj3500.java" type="java7"/>
                <binary path="solutions/java_scanner_dj3500.jar" type="jar"/>
            </solution>
            <solution tag="accepted">
                <source path="solutions/jrabasco.scala" type="scala"/>
                <binary path="solutions/jrabasco.scalajar" type="scalajar"/>
            </solution>
            <solution tag="accepted">
                <source path="solutions/medium.py" type="python.2"/>
                <binary path="solutions/medium.pys2" type="pythonx.2"/>
            </solution>
            <solution tag="accepted">
                <source path="solutions/scanf_dj3500.cpp" type="cpp.g++"/>
                <binary path="solutions/scanf_dj3500.exe" type="exe.win32"/>
            </solution>
            <solution tag="accepted">
                <source path="solutions/streams_no_sync_dj3500.cpp" type="cpp.g++"/>
                <binary path="solutions/streams_no_sync_dj3500.exe" type="exe.win32"/>
            </solution>
            <solution tag="main">
                <source path="solutions/streams_sync_dj3500.cpp" type="cpp.g++"/>
                <binary path="solutions/streams_sync_dj3500.exe" type="exe.win32"/>
            </solution>
        </solutions>
    </assets>
    <properties>
        <property name="tests-wellformed" value="true"/>
    </properties>
    <stresses>
        <stress-count>0</stress-count>
        <stress-path-pattern>stresses/%03d</stress-path-pattern>
        <list/>
    </stresses>
    <tags>
        <tag value="big i/o"/>
        <tag value="modulo"/>
    </tags>
</problem>
